,MONTH,TYPE_VEHICULE,PLACA,SPEED
0,Jan,CAR,BOP256,67
1,Jan,CAR,CAT320,4
2,Jan,CAR,CJJ699,99
3,Jan,CAR,DBO297,116
4,Jan,CAR,DVK063,94
5,Jan,CAR,EPB383,97
6,Jan,CAR,EQR115,71
7,Jan,CAR,EQW939,109
8,Jan,CAR,ESL695,63
9,Jan,CAR,ESM611,97
10,Jan,CAR,ESQ056,88
11,Jan,CAR,ETM406,107
12,Jan,CAR,ETT120,96
13,Jan,CAR,EXX770,93
14,Jan,CAR,EXZ167,79
15,Jan,CAR,FST661,77
16,Jan,CAR,FVK070,119
17,Jan,CAR,FZY704,99
18,Jan,CAR,GDY388,104
19,Jan,CAR,GET923,98
20,Jan,CAR,GEU491,99
21,Jan,CAR,GQU670,59
22,Jan,CAR,GSM133,83
23,Jan,CAR,ICI533,8
24,Jan,CAR,JKU977,99
25,Jan,CAR,JKU978,39
26,Jan,CAR,JOW047,99
27,Jan,CAR,JUY925,84
28,Jan,CAR,KAA162,66
29,Jan,CAR,KEP488,78
30,Jan,CAR,KOK806,81
31,Jan,CAR,LAA116,99
32,Jan,CAR,MMD005,83
33,Jan,CAR,MUS512,94
34,Jan,CAR,OJF147,65
35,Jan,CAR,OMP043,60
36,Jan,CAR,PCF484,75
37,Jan,CAR,RAK446,99
38,Jan,CAR,SAK375,64
39,Jan,CAR,SCT532,93
40,Jan,CAR,SJK500,92
41,Jan,CAR,SKN389,96
42,Jan,CAR,SLH992,99
43,Jan,CAR,SMJ230,91
44,Jan,CAR,SNA217,96
45,Jan,CAR,SNR712,82
46,Jan,CAR,SNZ174,71
47,Jan,CAR,SOD724,83
48,Jan,CAR,SOO380,78
49,Jan,CAR,SOO750,74
50,Jan,CAR,SOP176,87
51,Jan,CAR,SOQ025,93
52,Jan,CAR,SOQ854,0
53,Jan,CAR,SOQ857,117
54,Jan,CAR,SOR715,83
55,Jan,CAR,SPO562,74
56,Jan,CAR,SPY185,76
57,Jan,CAR,SRD798,90
58,Jan,CAR,SSA077,94
59,Jan,CAR,SSZ065,89
60,Jan,CAR,STA126,76
61,Jan,CAR,STU902,104
62,Jan,CAR,SVF364,76
63,Jan,CAR,SWL011,88
64,Jan,CAR,SWP254,6
65,Jan,CAR,SXR759,83
66,Jan,CAR,SXS893,77
67,Jan,CAR,SXZ343,97
68,Jan,CAR,SZL706,88
69,Jan,CAR,SZW594,80
70,Jan,CAR,TAL070,88
71,Jan,CAR,TAL299,58
72,Jan,CAR,TDL640,99
73,Jan,CAR,TFK862,60
74,Jan,CAR,TGN733,85
75,Jan,CAR,TGN976,70
76,Jan,CAR,THY244,88
77,Jan,CAR,TLW572,80
78,Jan,CAR,TRC323,71
79,Jan,CAR,TSY123,93
80,Jan,CAR,TTX194,91
81,Jan,CAR,TZT389,88
82,Jan,CAR,UFZ969,65
83,Jan,CAR,VEC196,70
84,Jan,CAR,VSE281,34
85,Jan,CAR,WCU472,107
86,Jan,CAR,WEQ679,103
87,Jan,CAR,WEQ714,3
88,Jan,CAR,WFI171,97
89,Jan,CAR,WFV822,109
90,Jan,CAR,WGQ328,83
91,Jan,CAR,WGQ743,124
92,Jan,CAR,WGQ797,93
93,Jan,CAR,WGW957,91
94,Jan,CAR,WLS400,101
95,Jan,CAR,WLS718,82
96,Jan,CAR,WNM572,107
97,Jan,CAR,WNN666,68
98,Jan,CAR,WNO474,94
99,Jan,CAR,WNO476,81
100,Jan,CAR,WNU523,98
101,Jan,CAR,WOM317,93
102,Jan,CAR,WOU255,105
103,Jan,CAR,WOU261,114
104,Jan,CAR,WOU733,86
105,Jan,CAR,WOY470,90
106,Jan,CAR,WPP001,75
107,Jan,CAR,XIE458,78
108,Jan,CAR,XMB399,74
109,Jan,CAR,XVP581,86
110,Jan,CAR,XVX681,79
111,Jan,CAR,iuy162,100
112,Jan,CAR,srm373,87
113,Jan,CAR,tmw040,89
114,Jan,CAR,wcx630,97
115,Jan,MOTORCYCLE,AGM04D,90
116,Jan,MOTORCYCLE,GBV37E,85
117,Jan,MOTORCYCLE,IWJ44F,85
118,Jan,MOTORCYCLE,QUS54C,55
119,Jan,MOTORCYCLE,RSZ26F,100
120,Jan,MOTORCYCLE,SCG51F,14
121,Jan,MOTORCYCLE,ZIV30F,80
122,Feb,CAR,AKI357,77
123,Feb,CAR,BOP256,68
124,Feb,CAR,CAT042,11
125,Feb,CAR,CKU589,10
126,Feb,CAR,DBO297,111
127,Feb,CAR,DVK086,74
128,Feb,CAR,EPB379,83
129,Feb,CAR,EQR115,68
130,Feb,CAR,EQW858,103
131,Feb,CAR,ESL689,64
132,Feb,CAR,ESM610,87
133,Feb,CAR,ESQ056,76
134,Feb,CAR,ETT120,89
135,Feb,CAR,EXX770,80
136,Feb,CAR,EXZ121,79
137,Feb,CAR,EXZ567,99
138,Feb,CAR,EXZ568,90
139,Feb,CAR,FSO027,99
140,Feb,CAR,GET396,96
141,Feb,CAR,GET923,91
142,Feb,CAR,GET925,83
143,Feb,CAR,GKX187,99
144,Feb,CAR,GUQ340,108
145,Feb,CAR,GVK192,84
146,Feb,CAR,GWU402,85
147,Feb,CAR,HQM509,0
148,Feb,CAR,IXX274,99
149,Feb,CAR,JKU978,63
150,Feb,CAR,JLX643,76
151,Feb,CAR,JRZ156,97
152,Feb,CAR,JUK158,87
153,Feb,CAR,KAA102,88
154,Feb,CAR,KAA169,93
155,Feb,CAR,KAA190,89
156,Feb,CAR,KAB088,84
157,Feb,CAR,KEY055,99
158,Feb,CAR,KNK887,76
159,Feb,CAR,KOK087,94
160,Feb,CAR,KOK806,92
161,Feb,CAR,KPO661,94
162,Feb,CAR,LAP244,96
163,Feb,CAR,MCN724,117
164,Feb,CAR,MPR071,71
165,Feb,CAR,MUS519,59
166,Feb,CAR,OAH170,13
167,Feb,CAR,OMP020,91
168,Feb,CAR,OOD000,77
169,Feb,CAR,PCL864,86
170,Feb,CAR,QAA125,98
171,Feb,CAR,RAK446,98
172,Feb,CAR,RHQ902,99
173,Feb,CAR,SAK375,66
174,Feb,CAR,SBK952,88
175,Feb,CAR,SCT463,47
176,Feb,CAR,SGX954,64
177,Feb,CAR,SIL685,93
178,Feb,CAR,SKV276,88
179,Feb,CAR,SKY227,73
180,Feb,CAR,SMJ183,96
181,Feb,CAR,SNP439,104
182,Feb,CAR,SOF336,82
183,Feb,CAR,SOP176,64
184,Feb,CAR,SOQ270,83
185,Feb,CAR,SOQ853,83
186,Feb,CAR,SOS889,128
187,Feb,CAR,SPD442,99
188,Feb,CAR,SPL040,87
189,Feb,CAR,SPP211,85
190,Feb,CAR,SPY185,78
191,Feb,CAR,SRD798,80
192,Feb,CAR,SRO231,100
193,Feb,CAR,SST305,84
194,Feb,CAR,SSY843,116
195,Feb,CAR,SSZ286,98
196,Feb,CAR,STA735,72
197,Feb,CAR,SUF254,90
198,Feb,CAR,SVO905,95
199,Feb,CAR,SWP254,6
200,Feb,CAR,SXB850,102
201,Feb,CAR,SXS161,92
202,Feb,CAR,SXT300,76
203,Feb,CAR,SYN433,68
204,Feb,CAR,SZP710,84
205,Feb,CAR,SZW605,90
206,Feb,CAR,SZX021,106
207,Feb,CAR,SZZ397,91
208,Feb,CAR,TAR144,5
209,Feb,CAR,TDL516,101
210,Feb,CAR,TEK900,82
211,Feb,CAR,TFU464,97
212,Feb,CAR,TGW354,40
213,Feb,CAR,THS402,94
214,Feb,CAR,TLL945,89
215,Feb,CAR,TLM029,85
216,Feb,CAR,TLW577,78
217,Feb,CAR,TMZ638,86
218,Feb,CAR,TRL909,86
219,Feb,CAR,TSO105,67
220,Feb,CAR,TSV515,96
221,Feb,CAR,TSY123,72
222,Feb,CAR,TTR007,87
223,Feb,CAR,TTS659,88
224,Feb,CAR,TTV267,93
225,Feb,CAR,TTX074,92
226,Feb,CAR,TTZ828,94
227,Feb,CAR,TVA236,73
228,Feb,CAR,TWA257,95
229,Feb,CAR,TZT059,98
230,Feb,CAR,TZY122,90
231,Feb,CAR,UFR869,0
232,Feb,CAR,UFZ337,82
233,Feb,CAR,URV064,105
234,Feb,CAR,UYA347,53
235,Feb,CAR,VEK283,83
236,Feb,CAR,VZD743,89
237,Feb,CAR,WCS129,88
238,Feb,CAR,WCU149,67
239,Feb,CAR,WEM167,91
240,Feb,CAR,WEQ009,82
241,Feb,CAR,WEQ679,106
242,Feb,CAR,WFI037,94
243,Feb,CAR,WFT402,71
244,Feb,CAR,WFV259,128
245,Feb,CAR,WGP615,92
246,Feb,CAR,WGP665,82
247,Feb,CAR,WGQ328,87
248,Feb,CAR,WGQ330,83
249,Feb,CAR,WGQ797,101
250,Feb,CAR,WGR113,84
251,Feb,CAR,WGZ115,88
252,Feb,CAR,WGZ938,88
253,Feb,CAR,WLP979,84
254,Feb,CAR,WMY533,95
255,Feb,CAR,WNP880,90
256,Feb,CAR,WNP898,85
257,Feb,CAR,WNR205,111
258,Feb,CAR,WOS636,78
259,Feb,CAR,WOT782,87
260,Feb,CAR,WPO476,92
261,Feb,CAR,XIE498,98
262,Feb,CAR,XMC449,108
263,Feb,CAR,XVK162,81
264,Feb,CAR,XVN365,90
265,Feb,CAR,XVP966,84
266,Feb,CAR,XVX516,65
267,Feb,CAR,ZID262,87
268,Feb,CAR,esn067,80
269,Feb,CAR,skv823,94
270,Feb,CAR,swn127,84
271,Feb,CAR,tsx992,96
272,Feb,CAR,wcs524,75
273,Feb,CAR,wzi236,79
274,Feb,MOTORCYCLE,GBV37E,74
275,Feb,MOTORCYCLE,LFK71E,76
276,Feb,MOTORCYCLE,OEN08E,97
277,Feb,MOTORCYCLE,UAA11D,52
278,Mar,CAR,AUQ197,96
279,Mar,CAR,BMK179,96
280,Mar,CAR,CKZ908,99
281,Mar,CAR,DBH461,155
282,Mar,CAR,DSQ104,
283,Mar,CAR,EOP304,99
284,Mar,CAR,EQW684,99
285,Mar,CAR,EQZ993,92
286,Mar,CAR,ESL694,75
287,Mar,CAR,ESM611,94
288,Mar,CAR,ESQ056,73
289,Mar,CAR,ESY029,103
290,Mar,CAR,ETM407,61
291,Mar,CAR,ETM644,97
292,Mar,CAR,ETT120,85
293,Mar,CAR,EXU681,86
294,Mar,CAR,EXX224,83
295,Mar,CAR,EXX770,88
296,Mar,CAR,EXX856,80
297,Mar,CAR,EXZ566,61
298,Mar,CAR,EYX324,115
299,Mar,CAR,FNL706,93
300,Mar,CAR,FSO003,99
301,Mar,CAR,FSQ814,93
302,Mar,CAR,FSV073,95
303,Mar,CAR,FSV078,83
304,Mar,CAR,FVM177,99
305,Mar,CAR,FXO382,0
306,Mar,CAR,GBW019,65
307,Mar,CAR,GES640,96
308,Mar,CAR,GET925,91
309,Mar,CAR,GEU657,43
310,Mar,CAR,GKP020,83
311,Mar,CAR,GLO380,89
312,Mar,CAR,GUQ340,105
313,Mar,CAR,GUR474,67
314,Mar,CAR,GVK240,99
315,Mar,CAR,GWU402,87
316,Mar,CAR,HJU295,97
317,Mar,CAR,IMW389,75
318,Mar,CAR,INI763,9
319,Mar,CAR,IYM198,99
320,Mar,CAR,JKW064,77
321,Mar,CAR,JOV601,84
322,Mar,CAR,JTP081,64
323,Mar,CAR,JTZ293,99
324,Mar,CAR,JUY926,74
325,Mar,CAR,KAA102,104
326,Mar,CAR,KAA174,97
327,Mar,CAR,KAB086,82
328,Mar,CAR,KKV337,95
329,Mar,CAR,KOK087,79
330,Mar,CAR,KOK920,102
331,Mar,CAR,KSK824,64
332,Mar,CAR,LAA116,98
333,Mar,CAR,MAU663,61
334,Mar,CAR,MQO598,76
335,Mar,CAR,NBS707,125
336,Mar,CAR,OMP010,95
337,Mar,CAR,OOD000,83
338,Mar,CAR,PCL864,83
339,Mar,CAR,POT676,0
340,Mar,CAR,QAA258,91
341,Mar,CAR,RAK446,96
342,Mar,CAR,SAB399,0
343,Mar,CAR,SAK665,86
344,Mar,CAR,SBV270,83
345,Mar,CAR,SCT463,62
346,Mar,CAR,SET333,91
347,Mar,CAR,SGX954,60
348,Mar,CAR,SJK489,74
349,Mar,CAR,SKN054,85
350,Mar,CAR,SLH819,77
351,Mar,CAR,SMJ183,68
352,Mar,CAR,SNA217,94
353,Mar,CAR,SNS671,84
354,Mar,CAR,SOB541,83
355,Mar,CAR,SOQ564,97
356,Mar,CAR,SPD770,91
357,Mar,CAR,SPU501,92
358,Mar,CAR,SQW272,71
359,Mar,CAR,SRD798,85
360,Mar,CAR,SRL724,
361,Mar,CAR,SSW753,94
362,Mar,CAR,SSZ105,86
363,Mar,CAR,STA651,40
364,Mar,CAR,SUE795,82
365,Mar,CAR,SVM857,93
366,Mar,CAR,SWS285,71
367,Mar,CAR,SXS041,92
368,Mar,CAR,SXT368,76
369,Mar,CAR,SYU084,83
370,Mar,CAR,SZW451,98
371,Mar,CAR,SZW597,73
372,Mar,CAR,SZW612,83
373,Mar,CAR,SZX683,81
374,Mar,CAR,TAL070,98
375,Mar,CAR,TAM547,91
376,Mar,CAR,TAX928,102
377,Mar,CAR,TDK632,95
378,Mar,CAR,TDM201,61
379,Mar,CAR,TEK886,93
380,Mar,CAR,TFK862,86
381,Mar,CAR,TGL142,57
382,Mar,CAR,THK452,0
383,Mar,CAR,THW055,81
384,Mar,CAR,TLN609,99
385,Mar,CAR,TLY331,92
386,Mar,CAR,TRC323,67
387,Mar,CAR,TRJ962,98
388,Mar,CAR,TSW190,78
389,Mar,CAR,TTT534,99
390,Mar,CAR,TTX807,79
391,Mar,CAR,TTZ171,91
392,Mar,CAR,TVA236,70
393,Mar,CAR,TZY121,88
394,Mar,CAR,UFZ314,69
395,Mar,CAR,UFZ982,91
396,Mar,CAR,UPQ728,88
397,Mar,CAR,UQR933,90
398,Mar,CAR,USC954,88
399,Mar,CAR,VCL303,56
400,Mar,CAR,VDL327,48
401,Mar,CAR,VFE201,90
402,Mar,CAR,WCQ008,85
403,Mar,CAR,WCS713,87
404,Mar,CAR,WDS373,90
405,Mar,CAR,WEQ009,82
406,Mar,CAR,WEQ679,102
407,Mar,CAR,WFI037,95
408,Mar,CAR,WFR970,95
409,Mar,CAR,WFV201,98
410,Mar,CAR,WGP435,98
411,Mar,CAR,WGQ324,84
412,Mar,CAR,WGQ328,89
413,Mar,CAR,WGQ909,93
414,Mar,CAR,WGQ947,78
415,Mar,CAR,WGQ973,87
416,Mar,CAR,WHQ375,73
417,Mar,CAR,WLN009,88
418,Mar,CAR,WLR120,65
419,Mar,CAR,WMY942,102
420,Mar,CAR,WNO522,97
421,Mar,CAR,WNO523,85
422,Mar,CAR,WNP883,83
423,Mar,CAR,WNP895,86
424,Mar,CAR,WNV878,62
425,Mar,CAR,WOV005,91
426,Mar,CAR,WOW421,102
427,Mar,CAR,WOY699,94
428,Mar,CAR,WPK066,79
429,Mar,CAR,WPQ970,93
430,Mar,CAR,XIS200,15
431,Mar,CAR,XLE061,87
432,Mar,CAR,XMA348,97
433,Mar,CAR,XVI555,87
434,Mar,CAR,XVP523,96
435,Mar,CAR,XVV256,273
436,Mar,CAR,YAQ854,78
437,Mar,CAR,ZZK987,95
438,Mar,CAR,esn067,79
439,Mar,CAR,jty284,102
440,Mar,CAR,sbk089,108
441,Mar,CAR,smp857,151
442,Mar,CAR,sps613,92
443,Mar,CAR,svo787,82
444,Mar,CAR,syk750,76
445,Mar,CAR,tdx890,91
446,Mar,CAR,ttq874,92
447,Mar,CAR,ufw623,92
448,Mar,CAR,wgq765,80
449,Mar,MOTORCYCLE,CCC08E,31
450,Mar,MOTORCYCLE,FUW03F,42
451,Mar,MOTORCYCLE,HAC96E,19
452,Mar,MOTORCYCLE,IMM87F,100
453,Mar,MOTORCYCLE,RBI72C,74
454,Mar,MOTORCYCLE,URR97E,119
455,Mar,MOTORCYCLE,ZIV30F,99
456,Apr,CAR,BBD264,91
457,Apr,CAR,BSJ654,84
458,Apr,CAR,CAT320,0
459,Apr,CAR,CIS450,99
460,Apr,CAR,CXB319,97
461,Apr,CAR,CZU601,75
462,Apr,CAR,DQS465,99
463,Apr,CAR,EIV661,8
464,Apr,CAR,EQQ745,119
465,Apr,CAR,EQR066,75
466,Apr,CAR,EQZ484,79
467,Apr,CAR,ESL698,91
468,Apr,CAR,ESM364,89
469,Apr,CAR,ESM373,99
470,Apr,CAR,ESM603,76
471,Apr,CAR,ESM858,99
472,Apr,CAR,ESN343,119
473,Apr,CAR,ESQ056,84
474,Apr,CAR,ESY079,83
475,Apr,CAR,ETM407,86
476,Apr,CAR,ETT120,97
477,Apr,CAR,ETT158,61
478,Apr,CAR,EXX243,100
479,Apr,CAR,EXX619,106
480,Apr,CAR,EXX770,74
481,Apr,CAR,EYX347,120
482,Apr,CAR,FSQ694,96
483,Apr,CAR,FSQ695,99
484,Apr,CAR,FST212,83
485,Apr,CAR,FST267,81
486,Apr,CAR,FSV073,93
487,Apr,CAR,FSV465,97
488,Apr,CAR,FUY609,91
489,Apr,CAR,FYQ547,46
490,Apr,CAR,GET084,90
491,Apr,CAR,GET398,76
492,Apr,CAR,GET923,90
493,Apr,CAR,GET925,88
494,Apr,CAR,GHP722,99
495,Apr,CAR,GLO382,79
496,Apr,CAR,GUQ315,74
497,Apr,CAR,GUR474,133
498,Apr,CAR,GVK240,99
499,Apr,CAR,GWO466,152
500,Apr,CAR,GZZ205,79
501,Apr,CAR,HDV856,60
502,Apr,CAR,INI005,91
503,Apr,CAR,INI763,70
504,Apr,CAR,INT504,98
505,Apr,CAR,JKU900,81
506,Apr,CAR,JKU978,85
507,Apr,CAR,JKV244,99
508,Apr,CAR,JLX631,92
509,Apr,CAR,JOW696,76
510,Apr,CAR,JTP912,95
511,Apr,CAR,JTZ415,102
512,Apr,CAR,JYW941,97
513,Apr,CAR,KAA108,86
514,Apr,CAR,KAA113,91
515,Apr,CAR,KAA189,95
516,Apr,CAR,KAB088,76
517,Apr,CAR,KKX665,8
518,Apr,CAR,KOK804,99
519,Apr,CAR,KSP924,98
520,Apr,CAR,KSQ172,94
521,Apr,CAR,LAA116,103
522,Apr,CAR,MBZ774,81
523,Apr,CAR,MKX116,67
524,Apr,CAR,MQO598,83
525,Apr,CAR,MUS342,65
526,Apr,CAR,MUS518,78
527,Apr,CAR,MVN910,95
528,Apr,CAR,NDY931,86
529,Apr,CAR,OJF134,81
530,Apr,CAR,OJF141,90
531,Apr,CAR,OMP009,93
532,Apr,CAR,OMP019,0
533,Apr,CAR,OMP036,102
534,Apr,CAR,OOD000,94
535,Apr,CAR,PAA217,94
536,Apr,CAR,PAC783,82
537,Apr,CAR,PCL864,77
538,Apr,CAR,RAK446,98
539,Apr,CAR,RHQ903,96
540,Apr,CAR,SAB399,84
541,Apr,CAR,SBB027,68
542,Apr,CAR,SCO021,111
543,Apr,CAR,SCT463,57
544,Apr,CAR,SGX954,55
545,Apr,CAR,SJK499,74
546,Apr,CAR,SKM002,0
547,Apr,CAR,SKN146,81
548,Apr,CAR,SKZ509,87
549,Apr,CAR,SLH296,95
550,Apr,CAR,SMG740,89
551,Apr,CAR,SMO843,60
552,Apr,CAR,SMP071,72
553,Apr,CAR,SNQ801,92
554,Apr,CAR,SNS545,134
555,Apr,CAR,SOI129,83
556,Apr,CAR,SOO226,99
557,Apr,CAR,SOQ218,280
558,Apr,CAR,SOQ314,199
559,Apr,CAR,SOQ809,87
560,Apr,CAR,SOR399,73
561,Apr,CAR,SPL101,94
562,Apr,CAR,SPL102,90
563,Apr,CAR,SPU495,146
564,Apr,CAR,SPY102,76
565,Apr,CAR,SRD798,89
566,Apr,CAR,SRL175,0
567,Apr,CAR,SRM475,84
568,Apr,CAR,SRO148,77
569,Apr,CAR,SST136,80
570,Apr,CAR,SSX832,100
571,Apr,CAR,SSZ073,92
572,Apr,CAR,SSZ107,7
573,Apr,CAR,STA124,89
574,Apr,CAR,STA671,93
575,Apr,CAR,STS532,99
576,Apr,CAR,SUE795,81
577,Apr,CAR,SVD613,78
578,Apr,CAR,SVM856,96
579,Apr,CAR,SWK421,84
580,Apr,CAR,SWR653,67
581,Apr,CAR,SXO443,104
582,Apr,CAR,SXR995,100
583,Apr,CAR,SXS388,86
584,Apr,CAR,SXS539,90
585,Apr,CAR,SXT303,95
586,Apr,CAR,SXW173,95
587,Apr,CAR,SYT639,94
588,Apr,CAR,SZM582,73
589,Apr,CAR,SZW451,93
590,Apr,CAR,SZW592,14
591,Apr,CAR,SZW597,69
592,Apr,CAR,SZX091,85
593,Apr,CAR,SZX618,86
594,Apr,CAR,SZZ598,85
595,Apr,CAR,TAL204,81
596,Apr,CAR,TAL274,78
597,Apr,CAR,TAM294,93
598,Apr,CAR,TAV255,97
599,Apr,CAR,TAW077,80
600,Apr,CAR,TAW369,96
601,Apr,CAR,TAX982,96
602,Apr,CAR,TDK150,107
603,Apr,CAR,TDL516,90
604,Apr,CAR,TDS221,77
605,Apr,CAR,TDV466,97
606,Apr,CAR,TDZ960,104
607,Apr,CAR,TEK902,91
608,Apr,CAR,TEO147,92
609,Apr,CAR,TEO152,88
610,Apr,CAR,TFO898,84
611,Apr,CAR,TFU940,93
612,Apr,CAR,TGK537,82
613,Apr,CAR,TGM744,83
614,Apr,CAR,TGY448,86
615,Apr,CAR,THL480,90
616,Apr,CAR,THR360,81
617,Apr,CAR,THS403,62
618,Apr,CAR,THY583,5
619,Apr,CAR,TKD652,46
620,Apr,CAR,TLM110,62
621,Apr,CAR,TLM460,60
622,Apr,CAR,TLO116,92
623,Apr,CAR,TLW574,78
624,Apr,CAR,TLW591,97
625,Apr,CAR,TLW593,95
626,Apr,CAR,TLZ136,94
627,Apr,CAR,TMZ248,88
628,Apr,CAR,TOQ384,78
629,Apr,CAR,TPX674,113
630,Apr,CAR,TRG805,82
631,Apr,CAR,TRJ962,99
632,Apr,CAR,TRJ964,68
633,Apr,CAR,TSV291,93
634,Apr,CAR,TSV579,171
635,Apr,CAR,TTQ327,106
636,Apr,CAR,TTS045,135
637,Apr,CAR,TTS188,80
638,Apr,CAR,TTY473,215
639,Apr,CAR,TTZ387,87
640,Apr,CAR,TUK426,64
641,Apr,CAR,TVB313,97
642,Apr,CAR,TZT079,103
643,Apr,CAR,UFV580,5
644,Apr,CAR,UFW817,94
645,Apr,CAR,UPB009,73
646,Apr,CAR,UPN230,49
647,Apr,CAR,UPP959,85
648,Apr,CAR,UPR079,75
649,Apr,CAR,UPR744,149
650,Apr,CAR,UQQ444,89
651,Apr,CAR,URV064,110
652,Apr,CAR,USC478,82
653,Apr,CAR,UTT985,58
654,Apr,CAR,UWQ707,96
655,Apr,CAR,UYT502,88
656,Apr,CAR,VCJ123,72
657,Apr,CAR,VDK821,86
658,Apr,CAR,VFA833,99
659,Apr,CAR,VOV271,0
660,Apr,CAR,WCP112,86
661,Apr,CAR,WCP518,84
662,Apr,CAR,WCV822,96
663,Apr,CAR,WDE239,131
664,Apr,CAR,WDQ824,98
665,Apr,CAR,WDS464,93
666,Apr,CAR,WEQ009,69
667,Apr,CAR,WEQ679,104
668,Apr,CAR,WEQ759,80
669,Apr,CAR,WER165,75
670,Apr,CAR,WFG998,95
671,Apr,CAR,WFH871,85
672,Apr,CAR,WFI037,94
673,Apr,CAR,WFI201,107
674,Apr,CAR,WFQ363,79
675,Apr,CAR,WFQ744,83
676,Apr,CAR,WFV051,91
677,Apr,CAR,WFV201,91
678,Apr,CAR,WFV517,43
679,Apr,CAR,WFW200,89
680,Apr,CAR,WGP552,84
681,Apr,CAR,WGP619,96
682,Apr,CAR,WGP665,84
683,Apr,CAR,WGQ326,101
684,Apr,CAR,WGQ909,99
685,Apr,CAR,WGU314,99
686,Apr,CAR,WGX266,96
687,Apr,CAR,WHO430,114
688,Apr,CAR,WHO432,99
689,Apr,CAR,WLC061,96
690,Apr,CAR,WLL835,87
691,Apr,CAR,WLN130,90
692,Apr,CAR,WLR460,72
693,Apr,CAR,WLU500,64
694,Apr,CAR,WMY943,89
695,Apr,CAR,WMZ894,108
696,Apr,CAR,WNP885,79
697,Apr,CAR,WNP895,0
698,Apr,CAR,WNP901,93
699,Apr,CAR,WNR131,0
700,Apr,CAR,WNX809,158
701,Apr,CAR,WOS637,67
702,Apr,CAR,WOU250,69
703,Apr,CAR,WOU255,106
704,Apr,CAR,WOU712,95
705,Apr,CAR,WOV153,89
706,Apr,CAR,WOY881,85
707,Apr,CAR,WPM598,85
708,Apr,CAR,WYJ892,99
709,Apr,CAR,XAB926,86
710,Apr,CAR,XLM895,94
711,Apr,CAR,XLM916,149
712,Apr,CAR,XVM312,89
713,Apr,CAR,XVM842,95
714,Apr,CAR,XVV268,75
715,Apr,CAR,XVV333,83
716,Apr,CAR,YHL171,78
717,Apr,CAR,YHL323,66
718,Apr,CAR,ZZK987,96
719,Apr,CAR,eqy638,80
720,Apr,CAR,ksq075,96
721,Apr,CAR,slp086,88
722,Apr,CAR,spo642,83
723,Apr,CAR,sxs741,86
724,Apr,CAR,tdx890,85
725,Apr,CAR,ttq870,99
726,Apr,CAR,vak321,102
727,Apr,CAR,wcs117,72
728,Apr,CAR,wxg267,85
729,Apr,MOTORCYCLE,BAL77E,9
730,Apr,MOTORCYCLE,EOC05F,80
731,Apr,MOTORCYCLE,FAP51E,76
732,Apr,MOTORCYCLE,GBV37E,169
733,Apr,MOTORCYCLE,LFK71E,76
734,Apr,MOTORCYCLE,OGX89F,225
735,Apr,MOTORCYCLE,PPF86F,67
736,Apr,MOTORCYCLE,PPL85E,97
737,Apr,MOTORCYCLE,PTN28C,66
738,Apr,MOTORCYCLE,RBI72C,76
739,Apr,MOTORCYCLE,UAA11D,78
740,Apr,MOTORCYCLE,XWB61E,75
741,May,CAR,BBD264,81
742,May,CAR,CXB319,82
743,May,CAR,DOR938,53
744,May,CAR,EML554,81
745,May,CAR,EQT378,90
746,May,CAR,ESL503,0
747,May,CAR,ESM430,93
748,May,CAR,ESQ004,69
749,May,CAR,ETM404,0
750,May,CAR,ETM957,0
751,May,CAR,ETT120,99
752,May,CAR,EXU748,82
753,May,CAR,EXX247,101
754,May,CAR,EXX767,111
755,May,CAR,EXX770,60
756,May,CAR,EYY000,99
757,May,CAR,FSU886,93
758,May,CAR,FWL315,98
759,May,CAR,GDX618,87
760,May,CAR,GET923,83
761,May,CAR,GET925,82
762,May,CAR,GEU346,98
763,May,CAR,GQU003,100
764,May,CAR,GUU512,89
765,May,CAR,GUV512,90
766,May,CAR,GUX130,75
767,May,CAR,HFU263,99
768,May,CAR,JOV579,85
769,May,CAR,JTZ286,71
770,May,CAR,KAA166,42
771,May,CAR,KIS469,92
772,May,CAR,MUS336,67
773,May,CAR,NBS707,81
774,May,CAR,PCT832,75
775,May,CAR,RAK446,97
776,May,CAR,SAK752,86
777,May,CAR,SGX954,51
778,May,CAR,SJK256,88
779,May,CAR,SLG641,43
780,May,CAR,SMY259,103
781,May,CAR,SNX851,90
782,May,CAR,SOQ448,75
783,May,CAR,SOS642,62
784,May,CAR,SPS765,85
785,May,CAR,SRD798,84
786,May,CAR,SSA087,84
787,May,CAR,SSY617,92
788,May,CAR,SSZ387,98
789,May,CAR,STA671,94
790,May,CAR,SUF254,85
791,May,CAR,SVP273,70
792,May,CAR,SXH637,0
793,May,CAR,SXS280,89
794,May,CAR,SXT596,90
795,May,CAR,SZL663,92
796,May,CAR,SZW452,84
797,May,CAR,SZY619,97
798,May,CAR,TAQ152,88
799,May,CAR,TAV372,85
800,May,CAR,TDM201,43
801,May,CAR,TEO145,88
802,May,CAR,TFW887,1
803,May,CAR,TGZ500,88
804,May,CAR,TJX633,88
805,May,CAR,TLW579,74
806,May,CAR,TRJ970,75
807,May,CAR,TSS236,75
808,May,CAR,TTO168,61
809,May,CAR,TTR119,97
810,May,CAR,TTX010,91
811,May,CAR,TUK426,65
812,May,CAR,TVA236,83
813,May,CAR,TZY185,87
814,May,CAR,UFX747,72
815,May,CAR,UQS142,84
816,May,CAR,UZK117,85
817,May,CAR,VES106,90
818,May,CAR,WCO027,102
819,May,CAR,WDA711,84
820,May,CAR,WEQ009,97
821,May,CAR,WEQ679,86
822,May,CAR,WFD504,73
823,May,CAR,WFT328,96
824,May,CAR,WGM381,76
825,May,CAR,WGP670,65
826,May,CAR,WGQ042,83
827,May,CAR,WGQ743,101
828,May,CAR,WGQ797,96
829,May,CAR,WGQ972,1
830,May,CAR,WGR105,84
831,May,CAR,WGY103,78
832,May,CAR,WGZ115,57
833,May,CAR,WLN186,70
834,May,CAR,WLQ638,81
835,May,CAR,WMY942,91
836,May,CAR,WNL724,85
837,May,CAR,WNY996,91
838,May,CAR,WOU254,62
839,May,CAR,WOV005,81
840,May,CAR,WOW804,86
841,May,CAR,WPP123,95
842,May,CAR,XLE061,94
843,May,CAR,XMC240,87
844,May,CAR,XVP522,58
845,May,CAR,XVW071,77
846,May,CAR,ges435,0
847,May,CAR,szp283,84
848,May,CAR,ufq623,0
849,May,CAR,wfl446,89
850,May,MOTORCYCLE,FLE57D,59
851,May,MOTORCYCLE,MCN78F,75
852,May,MOTORCYCLE,OQP22B,92
853,May,MOTORCYCLE,QHL20F,203
854,May,MOTORCYCLE,ZGM03E,22
855,Jun,CAR,CLG922,0
856,Jun,CAR,EBQ275,99
857,Jun,CAR,EQP016,97
858,Jun,CAR,EQP558,88
859,Jun,CAR,ERK215,76
860,Jun,CAR,ESM364,84
861,Jun,CAR,ESM991,98
862,Jun,CAR,ESY218,90
863,Jun,CAR,ETM407,93
864,Jun,CAR,ETT120,89
865,Jun,CAR,EXX246,96
866,Jun,CAR,EXX770,60
867,Jun,CAR,EXX851,91
868,Jun,CAR,EXX875,113
869,Jun,CAR,EXZ188,78
870,Jun,CAR,FSQ752,98
871,Jun,CAR,FVL076,99
872,Jun,CAR,GET340,87
873,Jun,CAR,GET923,79
874,Jun,CAR,GET925,67
875,Jun,CAR,GJM535,90
876,Jun,CAR,GUQ696,94
877,Jun,CAR,GUR474,123
878,Jun,CAR,GZZ499,101
879,Jun,CAR,IMR067,99
880,Jun,CAR,JKW064,87
881,Jun,CAR,JTP910,99
882,Jun,CAR,JZX904,99
883,Jun,CAR,KAA193,61
884,Jun,CAR,KUK812,70
885,Jun,CAR,MBZ774,106
886,Jun,CAR,MUS336,76
887,Jun,CAR,NBS707,90
888,Jun,CAR,PCH621,69
889,Jun,CAR,QGN935,88
890,Jun,CAR,RAK446,94
891,Jun,CAR,RZR557,96
892,Jun,CAR,SGX954,47
893,Jun,CAR,SIB696,70
894,Jun,CAR,SKY227,106
895,Jun,CAR,SKY354,88
896,Jun,CAR,SMO843,91
897,Jun,CAR,SNS925,91
898,Jun,CAR,SOI405,86
899,Jun,CAR,SOP847,93
900,Jun,CAR,SOQ272,81
901,Jun,CAR,SOR324,96
902,Jun,CAR,SPP038,60
903,Jun,CAR,SQW272,76
904,Jun,CAR,SRP620,113
905,Jun,CAR,SSY463,72
906,Jun,CAR,SSZ150,72
907,Jun,CAR,STA334,95
908,Jun,CAR,STW457,0
909,Jun,CAR,SVM198,77
910,Jun,CAR,SWP914,96
911,Jun,CAR,SXR782,94
912,Jun,CAR,SXS876,81
913,Jun,CAR,SYN253,91
914,Jun,CAR,SZP795,70
915,Jun,CAR,SZW612,79
916,Jun,CAR,TAL204,81
917,Jun,CAR,TBO108,85
918,Jun,CAR,TDZ960,80
919,Jun,CAR,TER531,75
920,Jun,CAR,TGN417,91
921,Jun,CAR,THW311,95
922,Jun,CAR,TLM786,84
923,Jun,CAR,TLX648,79
924,Jun,CAR,TRI165,102
925,Jun,CAR,TSW903,98
926,Jun,CAR,TTO926,0
927,Jun,CAR,TTU760,92
928,Jun,CAR,TTZ387,66
929,Jun,CAR,TUK426,86
930,Jun,CAR,TZR608,96
931,Jun,CAR,UFP701,68
932,Jun,CAR,UFR659,13
933,Jun,CAR,UPQ014,109
934,Jun,CAR,UWR951,2
935,Jun,CAR,VED937,76
936,Jun,CAR,VXG522,69
937,Jun,CAR,WCU025,91
938,Jun,CAR,WCX570,84
939,Jun,CAR,WEO949,96
940,Jun,CAR,WEQ009,78
941,Jun,CAR,WEQ459,56
942,Jun,CAR,WEQ679,57
943,Jun,CAR,WFI085,96
944,Jun,CAR,WFL505,91
945,Jun,CAR,WGD265,99
946,Jun,CAR,WGQ042,87
947,Jun,CAR,WGQ797,87
948,Jun,CAR,WGQ910,0
949,Jun,CAR,WGR106,87
950,Jun,CAR,WGW265,97
951,Jun,CAR,WLL835,88
952,Jun,CAR,WLS398,55
953,Jun,CAR,WLS586,187
954,Jun,CAR,WNO522,99
955,Jun,CAR,WNP912,81
956,Jun,CAR,WNX599,98
957,Jun,CAR,WOX949,65
958,Jun,CAR,WPW143,75
959,Jun,CAR,XVA958,94
960,Jun,CAR,XVP973,103
961,Jun,CAR,XVX456,73
962,Jun,CAR,ZKI118,65
963,Jun,CAR,jkv528,94
964,Jun,CAR,sro551,80
965,Jun,CAR,taw812,100
966,Jun,CAR,uvf717,75
967,Jun,CAR,wln560,90
968,Jun,MOTORCYCLE,AZY09F,93
969,Jun,MOTORCYCLE,DOG11F,91
970,Jun,MOTORCYCLE,GBV37E,139
971,Jun,MOTORCYCLE,OQP22B,93
972,Jun,MOTORCYCLE,WMX65D,60
973,Jul,CAR,DJV360,98
974,Jul,CAR,EML554,77
975,Jul,CAR,EQQ533,160
976,Jul,CAR,EQQ981,214
977,Jul,CAR,ESL694,78
978,Jul,CAR,ESM985,89
979,Jul,CAR,ETM407,90
980,Jul,CAR,ETM644,92
981,Jul,CAR,ETT120,75
982,Jul,CAR,EXX247,93
983,Jul,CAR,EXX770,68
984,Jul,CAR,EYX360,74
985,Jul,CAR,FSO006,92
986,Jul,CAR,GDX978,97
987,Jul,CAR,GES317,88
988,Jul,CAR,GES798,75
989,Jul,CAR,GEU811,99
990,Jul,CAR,GKO830,69
991,Jul,CAR,GKY417,101
992,Jul,CAR,GQU643,87
993,Jul,CAR,GUU847,90
994,Jul,CAR,HJY156,94
995,Jul,CAR,JKU977,90
996,Jul,CAR,JPP313,99
997,Jul,CAR,KAA102,82
998,Jul,CAR,KIS469,99
999,Jul,CAR,MMD004,50
1000,Jul,CAR,MME060,115
1001,Jul,CAR,OTD622,79
1002,Jul,CAR,RAK446,98
1003,Jul,CAR,SGX954,47
1004,Jul,CAR,SIM570,77
1005,Jul,CAR,SMB120,99
1006,Jul,CAR,SNA217,1
1007,Jul,CAR,SNZ338,106
1008,Jul,CAR,SOQ547,91
1009,Jul,CAR,SOR712,58
1010,Jul,CAR,SOZ436,9
1011,Jul,CAR,SPS620,112
1012,Jul,CAR,SRD798,87
1013,Jul,CAR,SRN586,83
1014,Jul,CAR,SST779,97
1015,Jul,CAR,SSZ076,70
1016,Jul,CAR,STA129,85
1017,Jul,CAR,STS532,75
1018,Jul,CAR,SVD612,88
1019,Jul,CAR,SVP374,91
1020,Jul,CAR,SWP746,103
1021,Jul,CAR,SXJ643,73
1022,Jul,CAR,SXS249,99
1023,Jul,CAR,SXT409,3
1024,Jul,CAR,SZM703,79
1025,Jul,CAR,SZW973,90
1026,Jul,CAR,TAL204,84
1027,Jul,CAR,TAZ624,86
1028,Jul,CAR,TDZ960,85
1029,Jul,CAR,TEW162,98
1030,Jul,CAR,TGN417,95
1031,Jul,CAR,THR748,82
1032,Jul,CAR,TLM017,81
1033,Jul,CAR,TLO442,64
1034,Jul,CAR,TLW589,91
1035,Jul,CAR,TPY061,102
1036,Jul,CAR,TSV258,102
1037,Jul,CAR,TTS045,110
1038,Jul,CAR,TTY470,93
1039,Jul,CAR,TUK426,67
1040,Jul,CAR,TVA236,75
1041,Jul,CAR,UBV704,168
1042,Jul,CAR,UPN230,49
1043,Jul,CAR,USC478,86
1044,Jul,CAR,VCE039,88
1045,Jul,CAR,VSE281,28
1046,Jul,CAR,WCZ672,113
1047,Jul,CAR,WEQ009,81
1048,Jul,CAR,WEQ679,81
1049,Jul,CAR,WFH872,93
1050,Jul,CAR,WFW198,76
1051,Jul,CAR,WGQ324,77
1052,Jul,CAR,WGQ326,86
1053,Jul,CAR,WGQ328,76
1054,Jul,CAR,WGQ743,83
1055,Jul,CAR,WGQ908,87
1056,Jul,CAR,WHO412,71
1057,Jul,CAR,WLN271,87
1058,Jul,CAR,WMM583,79
1059,Jul,CAR,WNP895,84
1060,Jul,CAR,WOL914,85
1061,Jul,CAR,WOU255,73
1062,Jul,CAR,WOX290,92
1063,Jul,CAR,WOZ086,98
1064,Jul,CAR,XLE061,92
1065,Jul,CAR,XVL706,73
1066,Jul,CAR,XVU884,104
1067,Jul,CAR,XXB210,156
1068,Jul,CAR,YAR087,70
1069,Jul,CAR,bke812,84
1070,Jul,CAR,skm314,86
1071,Jul,CAR,swl947,94
1072,Jul,CAR,tsm087,89
1073,Jul,CAR,wcs524,81
1074,Jul,CAR,wzh331,87
1075,Jul,MOTORCYCLE,CCC08E,76
1076,Jul,MOTORCYCLE,GBV37E,78
1077,Jul,MOTORCYCLE,PPF86F,51
1078,Jul,MOTORCYCLE,RMW28E,101
1079,Jul,MOTORCYCLE,UAA11D,0
1080,Aug,CAR,ASE580,0
1081,Aug,CAR,AUQ197,95
1082,Aug,CAR,CXB319,99
1083,Aug,CAR,EIR779,99
1084,Aug,CAR,EQQ533,74
1085,Aug,CAR,EQR115,92
1086,Aug,CAR,ERL123,66
1087,Aug,CAR,ESM372,84
1088,Aug,CAR,ESN343,86
1089,Aug,CAR,ESY218,90
1090,Aug,CAR,ETT120,91
1091,Aug,CAR,EXX770,69
1092,Aug,CAR,EXX786,103
1093,Aug,CAR,FSO001,99
1094,Aug,CAR,FSW138,142
1095,Aug,CAR,GES683,61
1096,Aug,CAR,GET923,95
1097,Aug,CAR,GFP943,94
1098,Aug,CAR,GQU909,89
1099,Aug,CAR,GUW518,143
1100,Aug,CAR,HYZ881,78
1101,Aug,CAR,ITA038,9
1102,Aug,CAR,JKU977,89
1103,Aug,CAR,JOW811,74
1104,Aug,CAR,JTZ852,91
1105,Aug,CAR,KAA171,88
1106,Aug,CAR,KJR158,99
1107,Aug,CAR,KUN030,59
1108,Aug,CAR,MAU663,67
1109,Aug,CAR,MME060,106
1110,Aug,CAR,MUS371,78
1111,Aug,CAR,NCT493,122
1112,Aug,CAR,OTD600,96
1113,Aug,CAR,QGO998,85
1114,Aug,CAR,RAK446,98
1115,Aug,CAR,RGM886,82
1116,Aug,CAR,SAK665,53
1117,Aug,CAR,SJK489,78
1118,Aug,CAR,SKL995,60
1119,Aug,CAR,SLG826,71
1120,Aug,CAR,SLH296,103
1121,Aug,CAR,SMY449,84
1122,Aug,CAR,SNV656,91
1123,Aug,CAR,SOD724,69
1124,Aug,CAR,SOQ408,4
1125,Aug,CAR,SOS948,76
1126,Aug,CAR,SPR118,91
1127,Aug,CAR,SQY277,99
1128,Aug,CAR,SRL732,89
1129,Aug,CAR,SSQ556,27
1130,Aug,CAR,SSZ069,77
1131,Aug,CAR,STA092,80
1132,Aug,CAR,STO075,84
1133,Aug,CAR,SVB849,65
1134,Aug,CAR,SVP145,87
1135,Aug,CAR,SXD201,49
1136,Aug,CAR,SXR948,76
1137,Aug,CAR,SXT031,99
1138,Aug,CAR,SYS528,95
1139,Aug,CAR,SZT628,89
1140,Aug,CAR,SZX021,104
1141,Aug,CAR,TAL209,85
1142,Aug,CAR,TAQ138,69
1143,Aug,CAR,TBO108,98
1144,Aug,CAR,TEK526,92
1145,Aug,CAR,TFK962,76
1146,Aug,CAR,TFT782,84
1147,Aug,CAR,TGN417,96
1148,Aug,CAR,THS026,95
1149,Aug,CAR,TLM110,89
1150,Aug,CAR,TLW589,97
1151,Aug,CAR,TPY061,104
1152,Aug,CAR,TSU527,62
1153,Aug,CAR,TTR840,91
1154,Aug,CAR,TTY468,85
1155,Aug,CAR,TUK426,73
1156,Aug,CAR,TVA236,70
1157,Aug,CAR,TZZ027,66
1158,Aug,CAR,UGW049,0
1159,Aug,CAR,UPQ968,89
1160,Aug,CAR,VEB187,97
1161,Aug,CAR,VKJ855,89
1162,Aug,CAR,WCR092,88
1163,Aug,CAR,WDS373,91
1164,Aug,CAR,WEQ009,82
1165,Aug,CAR,WEQ679,85
1166,Aug,CAR,WFH531,99
1167,Aug,CAR,WFI041,81
1168,Aug,CAR,WFR958,99
1169,Aug,CAR,WFV519,74
1170,Aug,CAR,WGQ327,86
1171,Aug,CAR,WGQ743,140
1172,Aug,CAR,WGQ797,97
1173,Aug,CAR,WGR107,91
1174,Aug,CAR,WGU837,90
1175,Aug,CAR,WGX965,85
1176,Aug,CAR,WLK552,107
1177,Aug,CAR,WMO935,80
1178,Aug,CAR,WNP877,83
1179,Aug,CAR,WNR104,90
1180,Aug,CAR,WNR140,76
1181,Aug,CAR,WOM538,94
1182,Aug,CAR,WOS301,101
1183,Aug,CAR,WOU255,103
1184,Aug,CAR,WOY452,101
1185,Aug,CAR,XLJ767,83
1186,Aug,CAR,XVI829,104
1187,Aug,CAR,XVU471,264
1188,Aug,CAR,XVZ193,99
1189,Aug,CAR,YAQ549,1115
1190,Aug,CAR,ZAP663,89
1191,Aug,CAR,esm684,84
1192,Aug,CAR,smk204,98
1193,Aug,CAR,sxv393,103
1194,Aug,CAR,tul507,104
1195,Aug,CAR,wfi510,83
1196,Aug,MOTORCYCLE,GBV37E,120
1197,Aug,MOTORCYCLE,JFJ41E,74
1198,Aug,MOTORCYCLE,OGX89F,100
1199,Aug,MOTORCYCLE,PTN28C,65
1200,Aug,MOTORCYCLE,QLL80F,74
1201,Aug,MOTORCYCLE,QYE11C,87
1202,Aug,MOTORCYCLE,RXX54D,86
1203,Aug,MOTORCYCLE,UAA11D,1
1204,Aug,MOTORCYCLE,UWR68E,79
1205,Sep,CAR,AUQ197,99
1206,Sep,CAR,BLW644,57
1207,Sep,CAR,CLG862,23
1208,Sep,CAR,DJQ240,99
1209,Sep,CAR,DOR938,4
1210,Sep,CAR,EOP265,0
1211,Sep,CAR,ESK868,93
1212,Sep,CAR,ESP002,327
1213,Sep,CAR,ESZ338,97
1214,Sep,CAR,ETT120,85
1215,Sep,CAR,EXX244,78
1216,Sep,CAR,EXX770,66
1217,Sep,CAR,EXX788,94
1218,Sep,CAR,FRR491,68
1219,Sep,CAR,FSU894,83
1220,Sep,CAR,FSV703,85
1221,Sep,CAR,GES545,99
1222,Sep,CAR,GET923,87
1223,Sep,CAR,GET925,71
1224,Sep,CAR,GEU978,99
1225,Sep,CAR,GQU668,99
1226,Sep,CAR,GUV126,82
1227,Sep,CAR,HJW246,99
1228,Sep,CAR,ICS650,10
1229,Sep,CAR,IYM198,98
1230,Sep,CAR,JKU977,69
1231,Sep,CAR,JMW969,70
1232,Sep,CAR,JTX705,78
1233,Sep,CAR,JYM646,87
1234,Sep,CAR,KAA190,89
1235,Sep,CAR,KNZ473,98
1236,Sep,CAR,KOL717,0
1237,Sep,CAR,MUS368,66
1238,Sep,CAR,PAA217,79
1239,Sep,CAR,POT676,0
1240,Sep,CAR,PYK195,85
1241,Sep,CAR,RAK446,95
1242,Sep,CAR,RZG784,99
1243,Sep,CAR,SCT437,69
1244,Sep,CAR,SKV367,0
1245,Sep,CAR,SKY912,40
1246,Sep,CAR,SMO581,93
1247,Sep,CAR,SNX019,255
1248,Sep,CAR,SOE812,87
1249,Sep,CAR,SOQ851,89
1250,Sep,CAR,SPO573,89
1251,Sep,CAR,SPV033,76
1252,Sep,CAR,SRP618,87
1253,Sep,CAR,SSY635,75
1254,Sep,CAR,STA128,97
1255,Sep,CAR,SVM374,93
1256,Sep,CAR,SWP916,77
1257,Sep,CAR,SXR995,96
1258,Sep,CAR,SXT596,107
1259,Sep,CAR,SZM703,82
1260,Sep,CAR,SZW599,80
1261,Sep,CAR,TAL194,108
1262,Sep,CAR,TAL202,90
1263,Sep,CAR,TBZ880,75
1264,Sep,CAR,TDK659,95
1265,Sep,CAR,TEO145,94
1266,Sep,CAR,TFU415,62
1267,Sep,CAR,TGL154,85
1268,Sep,CAR,THP001,63
1269,Sep,CAR,THW311,83
1270,Sep,CAR,TLO116,105
1271,Sep,CAR,TND848,110
1272,Sep,CAR,TSS658,77
1273,Sep,CAR,TTT199,74
1274,Sep,CAR,TUK426,67
1275,Sep,CAR,TUL110,94
1276,Sep,CAR,TZK246,27
1277,Sep,CAR,TZY185,93
1278,Sep,CAR,UPO281,82
1279,Sep,CAR,UWS152,89
1280,Sep,CAR,VEO695,70
1281,Sep,CAR,WCP112,90
1282,Sep,CAR,WCS713,71
1283,Sep,CAR,WCT614,108
1284,Sep,CAR,WEQ009,97
1285,Sep,CAR,WEQ679,59
1286,Sep,CAR,WEQ760,85
1287,Sep,CAR,WER165,82
1288,Sep,CAR,WFI039,83
1289,Sep,CAR,WFI085,92
1290,Sep,CAR,WFT669,107
1291,Sep,CAR,WGP618,95
1292,Sep,CAR,WGQ797,96
1293,Sep,CAR,WGQ972,85
1294,Sep,CAR,WHO291,99
1295,Sep,CAR,WLQ871,33
1296,Sep,CAR,WMZ440,93
1297,Sep,CAR,WNP885,85
1298,Sep,CAR,WNP907,87
1299,Sep,CAR,WNX901,83
1300,Sep,CAR,WOU249,68
1301,Sep,CAR,WOU732,84
1302,Sep,CAR,WOV005,78
1303,Sep,CAR,WPK249,88
1304,Sep,CAR,XAB926,82
1305,Sep,CAR,XMB367,84
1306,Sep,CAR,XVP581,93
1307,Sep,CAR,XVX516,66
1308,Sep,CAR,knz789,103
1309,Sep,CAR,svo787,79
1310,Sep,CAR,ttr645,90
1311,Sep,CAR,wfi023,76
1312,Sep,MOTORCYCLE,ADZ04F,83
1313,Sep,MOTORCYCLE,BXS87C,71
1314,Sep,MOTORCYCLE,GBV37E,211
1315,Sep,MOTORCYCLE,SQZ61F,68
1316,Sep,MOTORCYCLE,STX19D,66
1317,Sep,MOTORCYCLE,ZKT77E,63
1318,Oct,CAR,BBD264,77
1319,Oct,CAR,CGP865,99
1320,Oct,CAR,DHR550,99
1321,Oct,CAR,EPB379,108
1322,Oct,CAR,EQQ983,73
1323,Oct,CAR,EQZ991,238
1324,Oct,CAR,ESM361,92
1325,Oct,CAR,ESO335,72
1326,Oct,CAR,ETT120,79
1327,Oct,CAR,ETT158,87
1328,Oct,CAR,EXX770,65
1329,Oct,CAR,EXX863,78
1330,Oct,CAR,EXZ209,99
1331,Oct,CAR,GET396,93
1332,Oct,CAR,GET923,96
1333,Oct,CAR,GET925,99
1334,Oct,CAR,GEU704,98
1335,Oct,CAR,GPE879,64
1336,Oct,CAR,GUR474,86
1337,Oct,CAR,GUU499,67
1338,Oct,CAR,GUW200,87
1339,Oct,CAR,HFX397,99
1340,Oct,CAR,IXW494,99
1341,Oct,CAR,JLX631,92
1342,Oct,CAR,JRY953,96
1343,Oct,CAR,JUO045,98
1344,Oct,CAR,KAA184,86
1345,Oct,CAR,KKV337,80
1346,Oct,CAR,KOK915,92
1347,Oct,CAR,KSO915,67
1348,Oct,CAR,LAT985,72
1349,Oct,CAR,MCZ634,103
1350,Oct,CAR,MUS368,76
1351,Oct,CAR,OGL035,85
1352,Oct,CAR,OTD600,95
1353,Oct,CAR,RAK446,99
1354,Oct,CAR,SAK665,55
1355,Oct,CAR,SGX954,45
1356,Oct,CAR,SJK256,86
1357,Oct,CAR,SKM002,40
1358,Oct,CAR,SKY227,87
1359,Oct,CAR,SKY843,99
1360,Oct,CAR,SMV984,94
1361,Oct,CAR,SNX019,71
1362,Oct,CAR,SOE172,67
1363,Oct,CAR,SOE501,71
1364,Oct,CAR,SOQ858,88
1365,Oct,CAR,SPQ272,69
1366,Oct,CAR,SRO148,98
1367,Oct,CAR,SSX968,99
1368,Oct,CAR,SSZ157,84
1369,Oct,CAR,STA739,93
1370,Oct,CAR,SVB024,90
1371,Oct,CAR,SVP309,68
1372,Oct,CAR,SXJ643,79
1373,Oct,CAR,SXS493,97
1374,Oct,CAR,SXW217,108
1375,Oct,CAR,SZN233,87
1376,Oct,CAR,SZW601,83
1377,Oct,CAR,TAL070,99
1378,Oct,CAR,TAW204,102
1379,Oct,CAR,TDU877,84
1380,Oct,CAR,TEO393,96
1381,Oct,CAR,TGL154,87
1382,Oct,CAR,THR685,85
1383,Oct,CAR,TLM017,85
1384,Oct,CAR,TLW591,99
1385,Oct,CAR,TRC323,69
1386,Oct,CAR,TSV294,102
1387,Oct,CAR,TTO168,62
1388,Oct,CAR,TTS941,55
1389,Oct,CAR,TTZ387,68
1390,Oct,CAR,TUK426,94
1391,Oct,CAR,TZT587,58
1392,Oct,CAR,UFT852,86
1393,Oct,CAR,UFZ200,0
1394,Oct,CAR,VEE895,91
1395,Oct,CAR,WCO407,162
1396,Oct,CAR,WDS188,145
1397,Oct,CAR,WFH871,87
1398,Oct,CAR,WFI907,84
1399,Oct,CAR,WGI186,92
1400,Oct,CAR,WGQ042,104
1401,Oct,CAR,WGQ797,95
1402,Oct,CAR,WGR105,84
1403,Oct,CAR,WGY983,97
1404,Oct,CAR,WLN127,100
1405,Oct,CAR,WLQ871,64
1406,Oct,CAR,WMT278,59
1407,Oct,CAR,WMZ440,93
1408,Oct,CAR,WNP883,79
1409,Oct,CAR,WNP896,92
1410,Oct,CAR,WNP915,82
1411,Oct,CAR,WNX809,117
1412,Oct,CAR,WOP095,76
1413,Oct,CAR,WOW807,178
1414,Oct,CAR,WOY971,97
1415,Oct,CAR,WPN961,96
1416,Oct,CAR,WTP498,99
1417,Oct,CAR,XLK500,86
1418,Oct,CAR,XUJ725,93
1419,Oct,CAR,XVP522,85
1420,Oct,CAR,XVV388,74
1421,Oct,CAR,YHL171,0
1422,Oct,CAR,ZZK987,119
1423,Oct,CAR,obc966,78
1424,Oct,CAR,sse904,95
1425,Oct,CAR,wcx630,81
1426,Oct,MOTORCYCLE,FCK26F,90
1427,Oct,MOTORCYCLE,GBV37E,87
1428,Oct,MOTORCYCLE,PPL85E,92
1429,Oct,MOTORCYCLE,SQZ61F,40
1430,Oct,MOTORCYCLE,UUX14E,71
1431,Oct,MOTORCYCLE,tod41d,60
1432,Nov,CAR,BBD264,91
1433,Nov,CAR,BZN346,99
1434,Nov,CAR,COD261,70
1435,Nov,CAR,DJQ240,99
1436,Nov,CAR,EIV643,67
1437,Nov,CAR,EQP016,99
1438,Nov,CAR,EQP473,105
1439,Nov,CAR,EQQ981,99
1440,Nov,CAR,ERK146,58
1441,Nov,CAR,ESM218,84
1442,Nov,CAR,ESM986,70
1443,Nov,CAR,ESX958,85
1444,Nov,CAR,ETM407,87
1445,Nov,CAR,ETT120,78
1446,Nov,CAR,ETT196,84
1447,Nov,CAR,EXX770,97
1448,Nov,CAR,EXX790,105
1449,Nov,CAR,FSO001,99
1450,Nov,CAR,FSV073,95
1451,Nov,CAR,FSW146,95
1452,Nov,CAR,FWL314,75
1453,Nov,CAR,GET399,99
1454,Nov,CAR,GET923,99
1455,Nov,CAR,GET925,98
1456,Nov,CAR,GLO380,75
1457,Nov,CAR,GUR075,99
1458,Nov,CAR,GZZ701,92
1459,Nov,CAR,INT504,61
1460,Nov,CAR,JKU977,93
1461,Nov,CAR,JKU978,84
1462,Nov,CAR,JLX641,77
1463,Nov,CAR,JTQ614,99
1464,Nov,CAR,JYM858,97
1465,Nov,CAR,KAA212,82
1466,Nov,CAR,KOK077,98
1467,Nov,CAR,KSO827,74
1468,Nov,CAR,MCN724,113
1469,Nov,CAR,MME060,90
1470,Nov,CAR,MUS371,82
1471,Nov,CAR,OMP034,58
1472,Nov,CAR,PAA217,91
1473,Nov,CAR,RAK446,98
1474,Nov,CAR,RBZ694,92
1475,Nov,CAR,SAK665,70
1476,Nov,CAR,SCT463,62
1477,Nov,CAR,SCT478,81
1478,Nov,CAR,SIB696,65
1479,Nov,CAR,SKF974,87
1480,Nov,CAR,SKK676,85
1481,Nov,CAR,SKN054,82
1482,Nov,CAR,SKY247,84
1483,Nov,CAR,SMG775,90
1484,Nov,CAR,SMO642,99
1485,Nov,CAR,SNH315,84
1486,Nov,CAR,SNT566,100
1487,Nov,CAR,SOF095,9
1488,Nov,CAR,SOQ564,96
1489,Nov,CAR,SOQ568,103
1490,Nov,CAR,SOQ884,76
1491,Nov,CAR,SOZ458,93
1492,Nov,CAR,SPO218,99
1493,Nov,CAR,SPV003,85
1494,Nov,CAR,SQX824,76
1495,Nov,CAR,SRD798,82
1496,Nov,CAR,SRL745,60
1497,Nov,CAR,SRP290,94
1498,Nov,CAR,SSA077,94
1499,Nov,CAR,SSW161,86
1500,Nov,CAR,SSY404,82
1501,Nov,CAR,SSY860,100
1502,Nov,CAR,SSZ082,76
1503,Nov,CAR,SSZ231,90
1504,Nov,CAR,STA092,82
1505,Nov,CAR,STA221,95
1506,Nov,CAR,STE129,99
1507,Nov,CAR,STW457,83
1508,Nov,CAR,SUE972,88
1509,Nov,CAR,SVD590,95
1510,Nov,CAR,SVM087,83
1511,Nov,CAR,SVO733,88
1512,Nov,CAR,SVP264,50
1513,Nov,CAR,SVP309,73
1514,Nov,CAR,SVP374,90
1515,Nov,CAR,SVS525,94
1516,Nov,CAR,SWO698,87
1517,Nov,CAR,SXD535,85
1518,Nov,CAR,SXQ969,92
1519,Nov,CAR,SXR835,90
1520,Nov,CAR,SXS249,92
1521,Nov,CAR,SXS676,90
1522,Nov,CAR,SXT368,75
1523,Nov,CAR,SXY964,73
1524,Nov,CAR,SYU488,61
1525,Nov,CAR,SZO414,66
1526,Nov,CAR,SZV736,80
1527,Nov,CAR,TER324,3
1528,Nov,CAR,TGZ285,98
1529,Nov,CAR,WCS720,88
1530,Nov,CAR,WEP898,154
1531,Nov,CAR,WEQ679,90
1532,Nov,CAR,WGQ325,94
1533,Nov,CAR,WGQ743,97
1534,Nov,CAR,WLS400,93
1535,Nov,CAR,WNM633,93
1536,Nov,CAR,WOS469,90
1537,Nov,CAR,WOU255,102
1538,Nov,MOTORCYCLE,GBV37E,79
1539,Nov,MOTORCYCLE,HAC96E,48
1540,Nov,MOTORCYCLE,NQN17E,72
1541,Nov,MOTORCYCLE,PPF86F,43
1542,Nov,MOTORCYCLE,SSD15E,96
1543,Dec,CAR,AKI357,68
1544,Dec,CAR,ASE580,20
1545,Dec,CAR,BGP295,62
1546,Dec,CAR,BWN843,99
1547,Dec,CAR,CBD063,70
1548,Dec,CAR,CJJ699,86
1549,Dec,CAR,CXM269,63
1550,Dec,CAR,DOL723,99
1551,Dec,CAR,ELP882,99
1552,Dec,CAR,EML554,65
1553,Dec,CAR,EQP017,90
1554,Dec,CAR,EQP982,111
1555,Dec,CAR,EQY626,141
1556,Dec,CAR,ERK369,83
1557,Dec,CAR,ESM220,94
1558,Dec,CAR,ESM988,62
1559,Dec,CAR,ESX958,93
1560,Dec,CAR,ETM407,97
1561,Dec,CAR,ETM958,74
1562,Dec,CAR,ETT120,90
1563,Dec,CAR,EXU685,84
1564,Dec,CAR,EXX770,97
1565,Dec,CAR,EXX852,78
1566,Dec,CAR,EYX324,101
1567,Dec,CAR,FLN862,115
1568,Dec,CAR,FSQ694,98
1569,Dec,CAR,FSV073,99
1570,Dec,CAR,FSV095,96
1571,Dec,CAR,FWL310,78
1572,Dec,CAR,GES557,81
1573,Dec,CAR,GET925,99
1574,Dec,CAR,GEU491,112
1575,Dec,CAR,GEU704,99
1576,Dec,CAR,GKP047,97
1577,Dec,CAR,GUQ468,81
1578,Dec,CAR,GUU168,88
1579,Dec,CAR,GUW197,72
1580,Dec,CAR,GZZ281,96
1581,Dec,CAR,HYZ881,99
1582,Dec,CAR,JKU978,90
1583,Dec,CAR,JOU761,94
1584,Dec,CAR,JTQ618,99
1585,Dec,CAR,JUY927,94
1586,Dec,CAR,KAA171,87
1587,Dec,CAR,KEP488,76
1588,Dec,CAR,KOK730,83
1589,Dec,CAR,KUK291,93
1590,Dec,CAR,MAU663,60
1591,Dec,CAR,MPR071,81
1592,Dec,CAR,NBS707,111
1593,Dec,CAR,OMP013,0
1594,Dec,CAR,OOD000,72
1595,Dec,CAR,RAK446,99
1596,Dec,CAR,SAK665,61
1597,Dec,CAR,SBK952,79
1598,Dec,CAR,SGX954,60
1599,Dec,CAR,SKL801,63
1600,Dec,CAR,SKM002,86
1601,Dec,CAR,SMH916,88
1602,Dec,CAR,SNR032,85
1603,Dec,CAR,SOP941,0
1604,Dec,CAR,SOQ420,99
1605,Dec,CAR,SPO557,93
1606,Dec,CAR,SPY102,84
1607,Dec,CAR,SRD798,92
1608,Dec,CAR,SRP571,92
1609,Dec,CAR,SSY302,106
1610,Dec,CAR,SSZ107,58
1611,Dec,CAR,STA261,92
1612,Dec,CAR,STV812,80
1613,Dec,CAR,SVF341,80
1614,Dec,CAR,SVP853,0
1615,Dec,CAR,SXF192,87
1616,Dec,CAR,SXS116,106
1617,Dec,CAR,SXT256,98
1618,Dec,CAR,SYN253,0
1619,Dec,CAR,SZO414,105
1620,Dec,CAR,SZW402,69
1621,Dec,CAR,SZW575,0
1622,Dec,CAR,SZW599,83
1623,Dec,CAR,SZW605,84
1624,Dec,CAR,SZW606,79
1625,Dec,CAR,SZX683,84
1626,Dec,CAR,SZY580,86
1627,Dec,CAR,TAL070,88
1628,Dec,CAR,TAL200,51
1629,Dec,CAR,TAL974,86
1630,Dec,CAR,TAM212,83
1631,Dec,CAR,TAW617,98
1632,Dec,CAR,TAW708,84
1633,Dec,CAR,TDL516,126
1634,Dec,CAR,TDL844,84
1635,Dec,CAR,TEK292,94
1636,Dec,CAR,TEK526,73
1637,Dec,CAR,TEK934,9
1638,Dec,CAR,TEO137,99
1639,Dec,CAR,TEO375,0
1640,Dec,CAR,TFP290,93
1641,Dec,CAR,TFV952,0
1642,Dec,CAR,TGN131,25
1643,Dec,CAR,THP001,60
1644,Dec,CAR,THR247,97
1645,Dec,CAR,THR360,70
1646,Dec,CAR,THY397,88
1647,Dec,CAR,TLM110,88
1648,Dec,CAR,TLM652,82
1649,Dec,CAR,TLW584,92
1650,Dec,CAR,TLZ194,9
1651,Dec,CAR,TNG092,61
1652,Dec,CAR,TRM457,0
1653,Dec,CAR,TSK354,98
1654,Dec,CAR,TSV291,89
1655,Dec,CAR,TTO039,85
1656,Dec,CAR,TTO132,3
1657,Dec,CAR,TTS723,0
1658,Dec,CAR,TTU874,94
1659,Dec,CAR,TTW966,0
1660,Dec,CAR,TTZ167,31
1661,Dec,CAR,TUK426,74
1662,Dec,CAR,TUL336,97
1663,Dec,CAR,TVA236,6
1664,Dec,CAR,TVB905,93
1665,Dec,CAR,TWA247,99
1666,Dec,CAR,TZT008,69
1667,Dec,CAR,TZY121,90
1668,Dec,CAR,UFU445,99
1669,Dec,CAR,UFW131,29
1670,Dec,CAR,UFZ135,40
1671,Dec,CAR,UQQ444,94
1672,Dec,CAR,UQS410,75
1673,Dec,CAR,UWS636,89
1674,Dec,CAR,UWS979,57
1675,Dec,CAR,VEE485,30
1676,Dec,CAR,VEL892,89
1677,Dec,CAR,VOV271,0
1678,Dec,CAR,VXG522,92
1679,Dec,CAR,WCR092,0
1680,Dec,CAR,WCR489,8
1681,Dec,CAR,WCX129,90
1682,Dec,CAR,WCX550,81
1683,Dec,CAR,WDR379,0
1684,Dec,CAR,WEQ009,97
1685,Dec,CAR,WEQ679,105
1686,Dec,CAR,WFG450,94
1687,Dec,CAR,WFH931,0
1688,Dec,CAR,WFI037,83
1689,Dec,CAR,WFI421,92
1690,Dec,CAR,WFT328,0
1691,Dec,CAR,WFV413,110
1692,Dec,CAR,WFV517,76
1693,Dec,CAR,WGP942,77
1694,Dec,CAR,WGQ324,87
1695,Dec,CAR,WGQ407,73
1696,Dec,CAR,WGQ743,104
1697,Dec,CAR,WGQ797,98
1698,Dec,CAR,WGQ972,83
1699,Dec,CAR,WGU554,87
1700,Dec,CAR,WHV465,0
1701,Dec,CAR,WLK537,81
1702,Dec,CAR,WLV869,66
1703,Dec,CAR,WLY007,100
1704,Dec,CAR,WNO522,96
1705,Dec,CAR,WNP872,97
1706,Dec,CAR,WNP889,85
1707,Dec,CAR,WNP902,81
1708,Dec,CAR,WNP910,50
1709,Dec,CAR,WNR138,90
1710,Dec,CAR,WNR204,109
1711,Dec,CAR,WNY613,80
1712,Dec,CAR,WOM367,90
1713,Dec,CAR,WOS637,72
1714,Dec,CAR,WOU255,106
1715,Dec,CAR,WOW806,98
1716,Dec,CAR,WOX949,56
1717,Dec,CAR,WOZ086,41
1718,Dec,CAR,WOZ122,113
1719,Dec,CAR,WPW376,68
1720,Dec,CAR,WXG683,96
1721,Dec,CAR,XIS200,0
1722,Dec,CAR,XLE061,58
1723,Dec,CAR,XLM640,49
1724,Dec,CAR,XMA120,78
1725,Dec,CAR,XVH326,83
1726,Dec,CAR,XVM313,0
1727,Dec,CAR,XVO205,100
1728,Dec,CAR,XVP767,88
1729,Dec,CAR,XVV226,98
1730,Dec,CAR,XVV712,64
1731,Dec,CAR,XVV979,85
1732,Dec,CAR,XVX770,89
1733,Dec,CAR,YHK267,96
1734,Dec,CAR,ZZK987,92
1735,Dec,CAR,fst644,2
1736,Dec,CAR,knz789,68
1737,Dec,CAR,sse904,0
1738,Dec,CAR,ssw036,88
1739,Dec,CAR,ttq870,103
1740,Dec,CAR,ttr718,0
1741,Dec,CAR,wcw891,0
1742,Dec,CAR,wfv161,98
1743,Dec,MOTORCYCLE,GBV37E,132
1744,Dec,MOTORCYCLE,PPF86F,69
1745,Dec,MOTORCYCLE,QOD04D,87
1746,Dec,MOTORCYCLE,ZGM03E,67
